[
  {
    "model": "role.role",
    "pk": "11111111-1111-1111-1111-111111111111",
    "fields": {
      "role_name": "admin",
      "mo_ta": "Quản trị hệ thống"
    }
  },
  {
    "model": "role.role",
    "pk": "22222222-2222-2222-2222-222222222222",
    "fields": {
      "role_name": "employee",
      "mo_ta": "Nhân viên trung tâm"
    }
  },
  {
    "model": "role.role",
    "pk": "33333333-3333-3333-3333-333333333333",
    "fields": {
      "role_name": "student",
      "mo_ta": "Học viên"
    }
  },
  {
    "model": "users.user",
    "pk": "550e8400-e29b-41d4-a716-446655440001",
    "fields": {
      "password": "pbkdf2_sha256$720000$admin123$hash_here",
      "last_login": null,
      "is_superuser": true,
      "username": "admin",
      "first_name": "Admin",
      "last_name": "System",
      "email": "admin@crm.com",
      "is_staff": true,
      "is_active": true,
      "date_joined": "2024-01-01T00:00:00Z",
      "role": "11111111-1111-1111-1111-111111111111"
    }
  },
  {
    "model": "users.user",
    "pk": "550e8400-e29b-41d4-a716-446655440002",
    "fields": {
      "password": "pbkdf2_sha256$720000$nhanvien1$hash_here",
      "last_login": null,
      "is_superuser": false,
      "username": "nhanvien1",
      "first_name": "Nguyễn",
      "last_name": "Văn A",
      "email": "nhanvien1@crm.com",
      "is_staff": false,
      "is_active": true,
      "date_joined": "2024-01-01T00:00:00Z",
      "role": "22222222-2222-2222-2222-222222222222"
    }
  },
  {
    "model": "users.user",
    "pk": "550e8400-e29b-41d4-a716-446655440003",
    "fields": {
      "password": "pbkdf2_sha256$720000$nhanvien2$hash_here",
      "last_login": null,
      "is_superuser": false,
      "username": "nhanvien2",
      "first_name": "Trần",
      "last_name": "Thị B",
      "email": "nhanvien2@crm.com",
      "is_staff": false,
      "is_active": true,
      "date_joined": "2024-01-01T00:00:00Z",
      "role": "22222222-2222-2222-2222-222222222222"
    }
  },
  {
    "model": "users.user",
    "pk": "550e8400-e29b-41d4-a716-446655440004",
    "fields": {
      "password": "pbkdf2_sha256$720000$hocvien1$hash_here",
      "last_login": null,
      "is_superuser": false,
      "username": "hocvien1",
      "first_name": "Lê",
      "last_name": "Văn C",
      "email": "hocvien1@crm.com",
      "is_staff": false,
      "is_active": true,
      "date_joined": "2024-01-01T00:00:00Z",
      "role": "33333333-3333-3333-3333-333333333333"
    }
  },
  {
    "model": "users.user",
    "pk": "550e8400-e29b-41d4-a716-446655440005",
    "fields": {
      "password": "pbkdf2_sha256$720000$hocvien2$hash_here",
      "last_login": null,
      "is_superuser": false,
      "username": "hocvien2",
      "first_name": "Phạm",
      "last_name": "Thị D",
      "email": "hocvien2@crm.com",
      "is_staff": false,
      "is_active": true,
      "date_joined": "2024-01-01T00:00:00Z",
      "role": "33333333-3333-3333-3333-333333333333"
    }
  },
  {
    "model": "khoahocs.khoahoc",
    "pk": "550e8400-e29b-41d4-a716-446655440020",
    "fields": {
      "ten": "Tiếng Anh Giao Tiếp Cơ Bản",
      "lich_hoc": "Thứ 2, 4, 6 - 18:00-20:00",
      "giang_vien": "Cô Sarah Johnson",
      "so_buoi": 24,
      "hoc_phi": "5000000",
      "mo_ta": "Khóa học tiếng Anh giao tiếp cơ bản cho người mới bắt đầu",
      "trang_thai": "dang_mo",
      "created_at": "2024-01-01T00:00:00Z",
      "updated_at": "2024-01-01T00:00:00Z"
    }
  },
  {
    "model": "khoahocs.khoahoc",
    "pk": "550e8400-e29b-41d4-a716-446655440021",
    "fields": {
      "ten": "Tiếng Anh Thương Mại",
      "lich_hoc": "Thứ 3, 5, 7 - 19:00-21:00",
      "giang_vien": "Thầy Michael Brown",
      "so_buoi": 20,
      "hoc_phi": "6000000",
      "mo_ta": "Khóa học tiếng Anh thương mại và kinh doanh",
      "trang_thai": "dang_mo",
      "created_at": "2024-01-01T00:00:00Z",
      "updated_at": "2024-01-01T00:00:00Z"
    }
  },
  {
    "model": "khoahocs.khoahoc",
    "pk": "550e8400-e29b-41d4-a716-446655440022",
    "fields": {
      "ten": "Luyện Thi IELTS",
      "lich_hoc": "Thứ 7, Chủ nhật - 14:00-17:00",
      "giang_vien": "Cô Emily Davis",
      "so_buoi": 30,
      "hoc_phi": "8000000",
      "mo_ta": "Khóa học luyện thi IELTS chuyên sâu",
      "trang_thai": "sap_mo",
      "created_at": "2024-01-01T00:00:00Z",
      "updated_at": "2024-01-01T00:00:00Z"
    }
  },
  {
    "model": "dangky.dangkykhoahoc",
    "pk": "550e8400-e29b-41d4-a716-446655440030",
    "fields": {
      "hocvien": "550e8400-e29b-41d4-a716-446655440004",
      "khoahoc": "550e8400-e29b-41d4-a716-446655440020",
      "ngay_dang_ky": "2024-01-01T00:00:00Z",
      "phan_tram_hoan_thanh": 75,
      "trang_thai": "dang_hoc",
      "ghi_chu": "Học viên tiến bộ tốt",
      "created_at": "2024-01-01T00:00:00Z",
      "updated_at": "2024-01-01T00:00:00Z"
    }
  },
  {
    "model": "dangky.dangkykhoahoc",
    "pk": "550e8400-e29b-41d4-a716-446655440031",
    "fields": {
      "hocvien": "550e8400-e29b-41d4-a716-446655440005",
      "khoahoc": "550e8400-e29b-41d4-a716-446655440021",
      "ngay_dang_ky": "2024-01-01T00:00:00Z",
      "phan_tram_hoan_thanh": 50,
      "trang_thai": "dang_hoc",
      "ghi_chu": "Cần hỗ trợ thêm",
      "created_at": "2024-01-01T00:00:00Z",
      "updated_at": "2024-01-01T00:00:00Z"
    }
  },
  {
    "model": "thanhtoans.thanhtoan",
    "pk": "550e8400-e29b-41d4-a716-446655440040",
    "fields": {
      "hocvien": "550e8400-e29b-41d4-a716-446655440004",
      "so_tien": "5000000",
      "ngay_dong": "2024-01-01T00:00:00Z",
      "hinh_thuc": "chuyenkhoan",
      "so_bien_lai": "TT001",
      "ghi_chu": "Thanh toán đầy đủ khóa học",
      "created_at": "2024-01-01T00:00:00Z",
      "updated_at": "2024-01-01T00:00:00Z"
    }
  },
  {
    "model": "thanhtoans.thanhtoan",
    "pk": "550e8400-e29b-41d4-a716-446655440041",
    "fields": {
      "hocvien": "550e8400-e29b-41d4-a716-446655440005",
      "so_tien": "3000000",
      "ngay_dong": "2024-01-01T00:00:00Z",
      "hinh_thuc": "tienmat",
      "so_bien_lai": "TT002",
      "ghi_chu": "Thanh toán một phần",
      "created_at": "2024-01-01T00:00:00Z",
      "updated_at": "2024-01-01T00:00:00Z"
    }
  },
  {
    "model": "chamsoc.chamsochocvien",
    "pk": "550e8400-e29b-41d4-a716-446655440050",
    "fields": {
      "hocvien": "550e8400-e29b-41d4-a716-446655440004",
      "nhanvien": "550e8400-e29b-41d4-a716-446655440002",
      "loai_cham_soc": "tuvan",
      "noi_dung": "Tư vấn về lộ trình học tập tiếp theo",
      "ngay": "2024-01-01T00:00:00Z",
      "trang_thai": "hoan_thanh",
      "attachments": null,
      "ghi_chu": "Học viên hài lòng với tư vấn",
      "created_at": "2024-01-01T00:00:00Z",
      "updated_at": "2024-01-01T00:00:00Z"
    }
  },
  {
    "model": "thongbaos.thongbao",
    "pk": "550e8400-e29b-41d4-a716-446655440060",
    "fields": {
      "tieu_de": "Chào mừng học viên mới",
      "noi_dung": "Chào mừng các bạn học viên mới đến với trung tâm tiếng Anh của chúng tôi!",
      "ngay_gui": "2024-01-01T00:00:00Z",
      "nguoi_nhan": "tatca",
      "user": null,
      "trang_thai": "da_gui",
      "loai_thong_bao": "thong_bao",
      "created_at": "2024-01-01T00:00:00Z",
      "updated_at": "2024-01-01T00:00:00Z"
    }
  },
  {
    "model": "thongbaos.thongbao",
    "pk": "550e8400-e29b-41d4-a716-446655440061",
    "fields": {
      "tieu_de": "Lịch thi cuối khóa",
      "noi_dung": "Thông báo lịch thi cuối khóa cho các học viên sắp hoàn thành",
      "ngay_gui": "2024-01-01T00:00:00Z",
      "nguoi_nhan": "hocvien",
      "user": null,
      "trang_thai": "da_gui",
      "loai_thong_bao": "thong_tin",
      "created_at": "2024-01-01T00:00:00Z",
      "updated_at": "2024-01-01T00:00:00Z"
    }
  },
  {
    "model": "privilege.privilege",
    "pk": "44444444-4444-4444-4444-444444444444",
    "fields": {
      "privilege_name": "read",
      "mo_ta": "Quyền đọc dữ liệu"
    }
  },
  {
    "model": "privilege.privilege",
    "pk": "55555555-5555-5555-5555-555555555555",
    "fields": {
      "privilege_name": "write",
      "mo_ta": "Quyền ghi dữ liệu"
    }
  },
  {
    "model": "privilege.privilege",
    "pk": "66666666-6666-6666-6666-666666666666",
    "fields": {
      "privilege_name": "update",
      "mo_ta": "Quyền cập nhật dữ liệu"
    }
  },
  {
    "model": "privilege.privilege",
    "pk": "77777777-7777-7777-7777-777777777777",
    "fields": {
      "privilege_name": "delete",
      "mo_ta": "Quyền xóa dữ liệu"
    }
  },
  {
    "model": "privilege.privilege",
    "pk": "a1b2c3d4-0001-0001-0001-000000000001",
    "fields": {
      "privilege_name": "core.create.user",
      "mo_ta": "Tạo người dùng (CORE)"
    }
  },
  {
    "model": "privilege.privilege",
    "pk": "a1b2c3d4-0001-0002-0002-000000000002",
    "fields": {
      "privilege_name": "core.read.user",
      "mo_ta": "Xem người dùng (CORE)"
    }
  },
  {
    "model": "privilege.privilege",
    "pk": "a1b2c3d4-0001-0003-0003-000000000003",
    "fields": {
      "privilege_name": "core.update.user",
      "mo_ta": "Cập nhật người dùng (CORE)"
    }
  },
  {
    "model": "privilege.privilege",
    "pk": "a1b2c3d4-0001-0004-0004-000000000004",
    "fields": {
      "privilege_name": "core.delete.user",
      "mo_ta": "Xóa người dùng (CORE)"
    }
  },
  {
    "model": "privilege.privilege",
    "pk": "a1b2c3d4-0001-0005-0005-000000000005",
    "fields": {
      "privilege_name": "core.approve.role",
      "mo_ta": "Duyệt vai trò (CORE)"
    }
  },
  {
    "model": "privilege.privilege",
    "pk": "a1b2c3d4-0001-0006-0006-000000000006",
    "fields": {
      "privilege_name": "core.report.audit",
      "mo_ta": "Báo cáo kiểm toán (CORE)"
    }
  },
  {
    "model": "privilege.privilege",
    "pk": "a1b2c3d4-0002-0001-0001-000000000007",
    "fields": {
      "privilege_name": "crm.create.hocvien",
      "mo_ta": "Tạo học viên (CRM)"
    }
  },
  {
    "model": "privilege.privilege",
    "pk": "a1b2c3d4-0002-0002-0002-000000000008",
    "fields": {
      "privilege_name": "crm.update.chamsoc",
      "mo_ta": "Cập nhật chăm sóc (CRM)"
    }
  },
  {
    "model": "privilege.privilege",
    "pk": "a1b2c3d4-0002-0003-0003-000000000009",
    "fields": {
      "privilege_name": "crm.read.thongbao",
      "mo_ta": "Xem thông báo (CRM)"
    }
  },
  {
    "model": "privilege.privilege",
    "pk": "a1b2c3d4-0002-0004-0004-000000000010",
    "fields": {
      "privilege_name": "crm.report.conversion",
      "mo_ta": "Báo cáo chuyển đổi (CRM)"
    }
  },
  {
    "model": "privilege.privilege",
    "pk": "a1b2c3d4-0002-0005-0005-000000000011",
    "fields": {
      "privilege_name": "crm.approve.enroll",
      "mo_ta": "Duyệt ghi danh (CRM)"
    }
  },
  {
    "model": "privilege.privilege",
    "pk": "a1b2c3d4-0003-0001-0001-000000000012",
    "fields": {
      "privilege_name": "academic.create.course",
      "mo_ta": "Tạo khóa học (ACADEMIC)"
    }
  },
  {
    "model": "privilege.privilege",
    "pk": "a1b2c3d4-0003-0002-0002-000000000013",
    "fields": {
      "privilege_name": "academic.update.session",
      "mo_ta": "Cập nhật buổi học (ACADEMIC)"
    }
  },
  {
    "model": "privilege.privilege",
    "pk": "a1b2c3d4-0003-0003-0003-000000000014",
    "fields": {
      "privilege_name": "academic.read.attendance",
      "mo_ta": "Xem điểm danh (ACADEMIC)"
    }
  },
  {
    "model": "privilege.privilege",
    "pk": "a1b2c3d4-0003-0004-0004-000000000015",
    "fields": {
      "privilege_name": "academic.report.completion",
      "mo_ta": "Báo cáo hoàn thành (ACADEMIC)"
    }
  },
  {
    "model": "privilege.privilege",
    "pk": "a1b2c3d4-0003-0005-0005-000000000016",
    "fields": {
      "privilege_name": "academic.approve.enroll",
      "mo_ta": "Duyệt ghi danh (ACADEMIC)"
    }
  },
  {
    "model": "privilege.privilege",
    "pk": "a1b2c3d4-0004-0001-0001-000000000017",
    "fields": {
      "privilege_name": "finance.create.payment",
      "mo_ta": "Tạo thanh toán (FINANCE)"
    }
  },
  {
    "model": "privilege.privilege",
    "pk": "a1b2c3d4-0004-0002-0002-000000000018",
    "fields": {
      "privilege_name": "finance.update.invoice",
      "mo_ta": "Cập nhật hóa đơn (FINANCE)"
    }
  },
  {
    "model": "privilege.privilege",
    "pk": "a1b2c3d4-0004-0003-0003-000000000019",
    "fields": {
      "privilege_name": "finance.read.report",
      "mo_ta": "Xem báo cáo tài chính (FINANCE)"
    }
  },
  {
    "model": "privilege.privilege",
    "pk": "a1b2c3d4-0004-0004-0004-000000000020",
    "fields": {
      "privilege_name": "finance.approve.overdue",
      "mo_ta": "Duyệt công nợ quá hạn (FINANCE)"
    }
  },
  {
    "model": "privilege.privilege",
    "pk": "a1b2c3d4-0004-0005-0005-000000000021",
    "fields": {
      "privilege_name": "finance.export.pdf",
      "mo_ta": "Xuất PDF tài chính (FINANCE)"
    }
  },
  {
    "model": "privilege.privilege",
    "pk": "a1b2c3d4-0005-0001-0001-000000000022",
    "fields": {
      "privilege_name": "ops.create.enrollment",
      "mo_ta": "Tạo ghi danh (OPS)"
    }
  },
  {
    "model": "privilege.privilege",
    "pk": "a1b2c3d4-0005-0002-0002-000000000023",
    "fields": {
      "privilege_name": "ops.update.batch_assign",
      "mo_ta": "Cập nhật phân lớp (OPS)"
    }
  },
  {
    "model": "privilege.privilege",
    "pk": "a1b2c3d4-0005-0003-0003-000000000024",
    "fields": {
      "privilege_name": "ops.read.report_kpi",
      "mo_ta": "Xem báo cáo KPI (OPS)"
    }
  },
  {
    "model": "privilege.privilege",
    "pk": "a1b2c3d4-0005-0004-0004-000000000025",
    "fields": {
      "privilege_name": "ops.import.csv",
      "mo_ta": "Nhập dữ liệu CSV (OPS)"
    }
  },
  {
    "model": "role_privilege.roleprivilege",
    "pk": "88888888-8888-8888-8888-888888888888",
    "fields": {
      "role": "11111111-1111-1111-1111-111111111111",
      "privilege": "44444444-4444-4444-4444-444444444444"
    }
  },
  {
    "model": "role_privilege.roleprivilege",
    "pk": "99999999-9999-9999-9999-999999999999",
    "fields": {
      "role": "11111111-1111-1111-1111-111111111111",
      "privilege": "55555555-5555-5555-5555-555555555555"
    }
  },
  {
    "model": "role_privilege.roleprivilege",
    "pk": "aaaaaaaa-aaaa-aaaa-aaaa-aaaaaaaaaaaa",
    "fields": {
      "role": "11111111-1111-1111-1111-111111111111",
      "privilege": "66666666-6666-6666-6666-666666666666"
    }
  },
  {
    "model": "role_privilege.roleprivilege",
    "pk": "bbbbbbbb-bbbb-bbbb-bbbb-bbbbbbbbbbbb",
    "fields": {
      "role": "11111111-1111-1111-1111-111111111111",
      "privilege": "77777777-7777-7777-7777-777777777777"
    }
  },
  {
    "model": "role_privilege.roleprivilege",
    "pk": "cccccccc-cccc-cccc-cccc-cccccccccccc",
    "fields": {
      "role": "22222222-2222-2222-2222-222222222222",
      "privilege": "44444444-4444-4444-4444-444444444444"
    }
  },
  {
    "model": "role_privilege.roleprivilege",
    "pk": "dddddddd-dddd-dddd-dddd-dddddddddddd",
    "fields": {
      "role": "22222222-2222-2222-2222-222222222222",
      "privilege": "66666666-6666-6666-6666-666666666666"
    }
  },
  {
    "model": "role_privilege.roleprivilege",
    "pk": "eeeeeeee-eeee-eeee-eeee-eeeeeeeeeeee",
    "fields": {
      "role": "33333333-3333-3333-3333-333333333333",
      "privilege": "44444444-4444-4444-4444-444444444444"
    }
  },
  {
    "model": "role_privilege.roleprivilege",
    "pk": "550e8400-e29b-41d4-a716-446655440301",
    "fields": {
      "role": "11111111-1111-1111-1111-111111111111",
      "privilege": "a1b2c3d4-0001-0001-0001-000000000001"
    }
  },
  {
    "model": "role_privilege.roleprivilege",
    "pk": "550e8400-e29b-41d4-a716-446655440302",
    "fields": {
      "role": "11111111-1111-1111-1111-111111111111",
      "privilege": "a1b2c3d4-0001-0002-0002-000000000002"
    }
  },
  {
    "model": "role_privilege.roleprivilege",
    "pk": "550e8400-e29b-41d4-a716-446655440303",
    "fields": {
      "role": "11111111-1111-1111-1111-111111111111",
      "privilege": "a1b2c3d4-0001-0003-0003-000000000003"
    }
  },
  {
    "model": "role_privilege.roleprivilege",
    "pk": "550e8400-e29b-41d4-a716-446655440304",
    "fields": {
      "role": "11111111-1111-1111-1111-111111111111",
      "privilege": "a1b2c3d4-0001-0004-0004-000000000004"
    }
  },
  {
    "model": "role_privilege.roleprivilege",
    "pk": "550e8400-e29b-41d4-a716-446655440305",
    "fields": {
      "role": "11111111-1111-1111-1111-111111111111",
      "privilege": "a1b2c3d4-0001-0005-0005-000000000005"
    }
  },
  {
    "model": "role_privilege.roleprivilege",
    "pk": "550e8400-e29b-41d4-a716-446655440306",
    "fields": {
      "role": "11111111-1111-1111-1111-111111111111",
      "privilege": "a1b2c3d4-0001-0006-0006-000000000006"
    }
  },
  {
    "model": "role_privilege.roleprivilege",
    "pk": "550e8400-e29b-41d4-a716-446655440307",
    "fields": {
      "role": "11111111-1111-1111-1111-111111111111",
      "privilege": "a1b2c3d4-0002-0001-0001-000000000007"
    }
  },
  {
    "model": "role_privilege.roleprivilege",
    "pk": "550e8400-e29b-41d4-a716-446655440308",
    "fields": {
      "role": "11111111-1111-1111-1111-111111111111",
      "privilege": "a1b2c3d4-0002-0002-0002-000000000008"
    }
  },
  {
    "model": "role_privilege.roleprivilege",
    "pk": "550e8400-e29b-41d4-a716-446655440309",
    "fields": {
      "role": "11111111-1111-1111-1111-111111111111",
      "privilege": "a1b2c3d4-0002-0003-0003-000000000009"
    }
  },
  {
    "model": "role_privilege.roleprivilege",
    "pk": "550e8400-e29b-41d4-a716-446655440310",
    "fields": {
      "role": "11111111-1111-1111-1111-111111111111",
      "privilege": "a1b2c3d4-0002-0004-0004-000000000010"
    }
  },
  {
    "model": "role_privilege.roleprivilege",
    "pk": "550e8400-e29b-41d4-a716-446655440311",
    "fields": {
      "role": "11111111-1111-1111-1111-111111111111",
      "privilege": "a1b2c3d4-0002-0005-0005-000000000011"
    }
  },
  {
    "model": "role_privilege.roleprivilege",
    "pk": "550e8400-e29b-41d4-a716-446655440312",
    "fields": {
      "role": "11111111-1111-1111-1111-111111111111",
      "privilege": "a1b2c3d4-0003-0001-0001-000000000012"
    }
  },
  {
    "model": "role_privilege.roleprivilege",
    "pk": "550e8400-e29b-41d4-a716-446655440313",
    "fields": {
      "role": "11111111-1111-1111-1111-111111111111",
      "privilege": "a1b2c3d4-0003-0002-0002-000000000013"
    }
  },
  {
    "model": "role_privilege.roleprivilege",
    "pk": "550e8400-e29b-41d4-a716-446655440314",
    "fields": {
      "role": "11111111-1111-1111-1111-111111111111",
      "privilege": "a1b2c3d4-0003-0003-0003-000000000014"
    }
  },
  {
    "model": "role_privilege.roleprivilege",
    "pk": "550e8400-e29b-41d4-a716-446655440315",
    "fields": {
      "role": "11111111-1111-1111-1111-111111111111",
      "privilege": "a1b2c3d4-0003-0004-0004-000000000015"
    }
  },
  {
    "model": "role_privilege.roleprivilege",
    "pk": "550e8400-e29b-41d4-a716-446655440316",
    "fields": {
      "role": "11111111-1111-1111-1111-111111111111",
      "privilege": "a1b2c3d4-0003-0005-0005-000000000016"
    }
  },
  {
    "model": "role_privilege.roleprivilege",
    "pk": "550e8400-e29b-41d4-a716-446655440317",
    "fields": {
      "role": "11111111-1111-1111-1111-111111111111",
      "privilege": "a1b2c3d4-0004-0001-0001-000000000017"
    }
  },
  {
    "model": "role_privilege.roleprivilege",
    "pk": "550e8400-e29b-41d4-a716-446655440318",
    "fields": {
      "role": "11111111-1111-1111-1111-111111111111",
      "privilege": "a1b2c3d4-0004-0002-0002-000000000018"
    }
  },
  {
    "model": "role_privilege.roleprivilege",
    "pk": "550e8400-e29b-41d4-a716-446655440319",
    "fields": {
      "role": "11111111-1111-1111-1111-111111111111",
      "privilege": "a1b2c3d4-0004-0003-0003-000000000019"
    }
  },
  {
    "model": "role_privilege.roleprivilege",
    "pk": "550e8400-e29b-41d4-a716-446655440320",
    "fields": {
      "role": "11111111-1111-1111-1111-111111111111",
      "privilege": "a1b2c3d4-0004-0004-0004-000000000020"
    }
  },
  {
    "model": "role_privilege.roleprivilege",
    "pk": "550e8400-e29b-41d4-a716-446655440321",
    "fields": {
      "role": "11111111-1111-1111-1111-111111111111",
      "privilege": "a1b2c3d4-0004-0005-0005-000000000021"
    }
  },
  {
    "model": "role_privilege.roleprivilege",
    "pk": "550e8400-e29b-41d4-a716-446655440322",
    "fields": {
      "role": "11111111-1111-1111-1111-111111111111",
      "privilege": "a1b2c3d4-0005-0001-0001-000000000022"
    }
  },
  {
    "model": "role_privilege.roleprivilege",
    "pk": "550e8400-e29b-41d4-a716-446655440323",
    "fields": {
      "role": "11111111-1111-1111-1111-111111111111",
      "privilege": "a1b2c3d4-0005-0002-0002-000000000023"
    }
  },
  {
    "model": "role_privilege.roleprivilege",
    "pk": "550e8400-e29b-41d4-a716-446655440324",
    "fields": {
      "role": "11111111-1111-1111-1111-111111111111",
      "privilege": "a1b2c3d4-0005-0003-0003-000000000024"
    }
  },
  {
    "model": "role_privilege.roleprivilege",
    "pk": "550e8400-e29b-41d4-a716-446655440325",
    "fields": {
      "role": "11111111-1111-1111-1111-111111111111",
      "privilege": "a1b2c3d4-0005-0004-0004-000000000025"
    }
  }
]
